0be0df16a1edfbf39918a1feb6fb2e94.jpg,shirt_dress
0c6fe551acc18ac002b3e8084048743c.jpg,bag
0d0d730340223a0d4db03d232e85d452.jpg,bad_background
1b762f7ac267b9a412a27bdb9d1ffd86.jpg,bag
2acd6ca1638b189b3b9e25c9a17837b6.jpg,shirt_dress
3b87c16695dad40c007e38b778b027f1.jpg,top
3c656c537b35b8baef4a9081aedc2908.jpg,shoe
3d7276af693af671a3d5a2f3cc06bc0e.jpg,bag
4b96ecd15d8e19bc0dfe55d83cbe3639.jpg,tote
4f2899a025a8ebc6230d0ee593103d66.jpg,top
4fbedb7bf74ebea3381a5f94ef413eac.jpg,bag
5b6191cd14ac7a09f5b924a72958d91c.jpg,top
5e52345a3a1fe6709eb5de229b13479c.jpg,bag
6a2d26042be0df983ee5e4736a38e569.jpg,shirt_dress
6a5c10331b4e3d2bbc65df9abd0029e7.jpg,shoe
06a23592e3b0ad3ff108f1d108ff1b79.jpg,person
6bd0ccf09e70e46b0b2434978a542368.jpg,shoe
6c76f03a0b225a111876210c5dd52f1b.jpg,person
7a4758061fc15fe93a4870eff52e8cd1.jpg,shirt_dress
7c2e0159e68207a35a8ff69238cf63ae.jpg,bad_background
8ac729a874634125cda60c19f42f365a.jpg,shoe
8c6798b6244106a86734ad59617b50f9.jpg,bag
8ecbc951da754609911551f18986f919.jpg,bag
9c29851afe53b87ffe7d01fd4b3c8109.jpg,top
9d8ea254c9c548415542bd471b6dbe5f.jpg,dress
9f280a181c4a92a1294610fd551dcf4a.jpg,bag
9f251604ffd50e32e6c46c5d84a713ce.jpg,bag
18a0a97858de95dd07d02986510768dc.jpg,top
26ae75b2e858280949de8e5cb47eaa0b.jpg,shirt_dress
32d8b6c6d10e67b01230db4168cc99e0.jpg,shirt_dress
36a35cd3c2f71d051a3322ed92d6e9fc.jpg,shoe
39bf523d1eb84d6ece22e481cc32edc3.jpg,bag
41e3c3332e555849f699d9a45abb6582.jpg,bag
48ae618e6d98bce7818c1feab394d8d7.jpg,top
64ad883f1f99e3c86cd6d8605ee76927.jpg,shoe
80e77b7aab508f91862a11d0edd89bbc.jpg,tote
92c8032a9a040ad2c68dff2918f458e6.jpg,shoe
93ba72bc36d1c2e0efd15fd21e910d32.jpg,bag
97db99ef15d57e2779b6798462023659.jpg,tote
98e13fff832ab3a4e699117e1e56c709.jpg,top
186d262630df3cbd68012ab89ba71e35.jpg,bag
200a89c568ee679a94fce6c53aaaf1c7.jpg,top
378cc520d6da4ee4fcce88f0636d2dff.jpg,person
530bcb6c7858f32df07301728ae49da1.jpg,top
661f7f5b758dad38ac6fdf3922c648e4.jpg,tote
742c54d6efe5464a86302b55a3df0040.jpg,person
748c6281ba693ed4f3ecc486d017dd50.jpg,top
794a933a6ce5a63a0ed4ed07bd79a7ea.jpg,shirt_dress
824fe0e63671a156a84b1413b0a21db8.jpg,outer
896d301e82357e55b8b7b7d2e74e83c4.jpg,shoe
996c8a6c5e9e7be85e29447b2452878f.jpg,person
3961c5d9a9c36c7088d5f30227e807f0.jpg,dress
4920a36ab2c0b02e383ea6bee7557c6a.jpg,bag
6165f54a8c68de1dad78db2a79e96c63.jpg,person
6840e56fc196ae2e0f47d4e880ac4cd8.jpg,shirt_dress
08728fbfbc0bae010631ea76ccc938ff.jpg,shoe
57935cc267d118276894667d0ae2880f.jpg,person
58109c089ba233aa0cad57ea5609ccb9.jpg,bag
186136c1c061fdf7e1ff2f07a0886e69.jpg,bag
425106d0da1be1933595d56286ea4e08.jpg,outer
425608a21ed8ac71cd15abfcc104b2ed.jpg,bag
1470258f902cbdec8c21e7bb561f5212.jpg,outer
5664037d3669fbcb93aee4d03942e3dd.jpg,bag
a0e0ee65222834586338f17ce10e87eb.jpg,bag
a5b5bd10c8e71f6af8d80e626b7e49a8.jpg,bag
a6d379e60044ee743d47e6eabe35386d.jpg,bag
a20fa0e237ee5c5abbb71ea4b290221b.jpg,shoe
a70fa63e3ed4e3cfb772492039f85074.jpg,dress
a94cd4aec21680c34167ef205f05fa1a.jpg,dress
a0699e1cac5faf222ce1e8009ffae59a.jpg,bag
a20481e34042377107d527096cdc7b17.jpg,dress
aeea378590a472b042f5679bff08ec45.jpg,shirt_dress
b1f60a0cdc48c6dfd234aef9f3900a91.jpg,shirt_dress
b7b4c85382296e83ab1e0950124d15a6.jpg,dress
b58b3bde9016b37849f20ff797898ed4.jpg,outer
b65f1b48d4264c253b78f4814cab985b.jpg,shoe
c3cd1e612a948db03e95be6627b89b3a.jpg,shoe
c5d6af0c6b8e93f71c061e47833b0304.jpg,shirt_dress
c319c4923b8402a82e30bc6c55db55c3.jpg,shoe
c73660712ed768d7a3f8da980b1fa3e6.jpg,shirt_dress
cdd81b646b5cc219107b1550aaf000cc.jpg,bad_background
ceaddfedaa66fe7c6de8d64bddf64128.jpg,shoe
cee51f7c2c6f9510a9952c461f2aaa28.jpg,shoe
d6b99d18034fbb0fec1a90307bf2e94a.jpg,tote
d29f6cb30d043bb35f4178159420e1c5.jpg,shoe
d9437bc5b7bd53c2c740da8e2533b872.jpg,dress
db35853793eb5b0283adcf3b986b9051.jpg,top
de8ca4ef863ad95dd717c15e4ac84c08.jpg,person
e01a49e3b2c0e486bc52c1a7ece805fc.jpg,top
e6cff5d2bdafddac0eed6b17b831c251.jpg,shoe
e1172b57a93aef17b0014999c8867a42.jpg,dress
ef0a614c6229e3b9d49d10dc4382554a.jpg,top
efc992823d3aa126faea5b1e88b67fc7.jpg,top
eff2c1eee1f6f1d951f6cf1c7d972999.jpg,top
f3ffb4577141d62aeb3709e6e6424c45.jpg,person
f6b7b7e44b10fc3c405b0859cb4091d3.jpg,shirt_dress
f91c7005d4b68b141dd7840b0c8de987.jpg,outer
f121e9ac236e0e12b515b8e0d4b3de62.jpg,person
f4443e6053e61b9d20ae8e3b4885e447.jpg,shirt_dress
fbd1fdd1b62e68e386f44320901a37a4.jpg,shoe